<?xml version="1.0" encoding="UTF-8"?>
<!DOCTYPE hibernate-configuration PUBLIC "-//Hibernate/Hibernate Configuration DTD 3.0//EN" "http://hibernate.sourceforge.net/hibernate-configuration-3.0.dtd">
<hibernate-configuration>
  <session-factory>
    <!-- H2 connection -->
	<!-- update the DB properties according to your database -->
    <property name="connection.url">jdbc:h2:C:/data/dummy</property>
    <property name="connection.username">sa</property>
    <property name="connection.password"/>
    <property name="connection.driver_class">org.h2.Driver</property> 
    <property name="dialect">org.hibernate.dialect.HSQLDialect</property>
    <property name="transaction.factory_class">org.hibernate.transaction.JDBCTransactionFactory</property> 
    <property name="current_session_context_class">thread</property> 
    <property name="hibernate.show_sql">true</property>    
    <!-- <property name="hibernate.hbm2ddl.auto">create</property> -->
    
    <mapping resource="com/ettrema/tutorial/objects/hbm.xml"/>
     
  </session-factory>
</hibernate-configuration>
